threshold,precision,recall,f1,tp,fp,fn,tn,fn_cost,fp_cost,total_cost,fraud_loss_prevented,net_capital_saved
1,0.0222,1.0,0.0433,119,5253,0,2128,0.0,135680.05,135680.05,92190.09,-43489.96
2,0.1408,1.0,0.2469,119,726,0,6655,0.0,20232.97,20232.97,92190.09,71957.12
3,0.7933,1.0,0.8848,119,31,0,7350,0.0,940.92,940.92,92190.09,91249.17
4,0.9835,1.0,0.9917,119,2,0,7379,0.0,119.51,119.51,92190.09,92070.58
5,0.9835,1.0,0.9917,119,2,0,7379,0.0,119.51,119.51,92190.09,92070.58
6,0.9835,1.0,0.9917,119,2,0,7379,0.0,119.51,119.51,92190.09,92070.58
7,0.9835,1.0,0.9917,119,2,0,7379,0.0,119.51,119.51,92190.09,92070.58
8,0.9835,1.0,0.9917,119,2,0,7379,0.0,119.51,119.51,92190.09,92070.58
9,0.9835,1.0,0.9917,119,2,0,7379,0.0,119.51,119.51,92190.09,92070.58
10,0.9835,1.0,0.9917,119,2,0,7379,0.0,119.51,119.51,92190.09,92070.58
11,0.9835,1.0,0.9917,119,2,0,7379,0.0,119.51,119.51,92190.09,92070.58
12,0.9835,1.0,0.9917,119,2,0,7379,0.0,119.51,119.51,92190.09,92070.58
13,0.9835,1.0,0.9917,119,2,0,7379,0.0,119.51,119.51,92190.09,92070.58
14,0.9835,1.0,0.9917,119,2,0,7379,0.0,119.51,119.51,92190.09,92070.58
15,0.9835,1.0,0.9917,119,2,0,7379,0.0,119.51,119.51,92190.09,92070.58
16,0.9835,1.0,0.9917,119,2,0,7379,0.0,119.51,119.51,92190.09,92070.58
17,1.0,1.0,1.0,119,0,0,7381,0.0,0.0,0.0,92190.09,92190.09
18,1.0,1.0,1.0,119,0,0,7381,0.0,0.0,0.0,92190.09,92190.09
19,1.0,1.0,1.0,119,0,0,7381,0.0,0.0,0.0,92190.09,92190.09
20,1.0,1.0,1.0,119,0,0,7381,0.0,0.0,0.0,92190.09,92190.09
21,1.0,1.0,1.0,119,0,0,7381,0.0,0.0,0.0,92190.09,92190.09
22,1.0,1.0,1.0,119,0,0,7381,0.0,0.0,0.0,92190.09,92190.09
23,1.0,1.0,1.0,119,0,0,7381,0.0,0.0,0.0,92190.09,92190.09
24,1.0,1.0,1.0,119,0,0,7381,0.0,0.0,0.0,92190.09,92190.09
25,1.0,1.0,1.0,119,0,0,7381,0.0,0.0,0.0,92190.09,92190.09
26,1.0,1.0,1.0,119,0,0,7381,0.0,0.0,0.0,92190.09,92190.09
27,1.0,1.0,1.0,119,0,0,7381,0.0,0.0,0.0,92190.09,92190.09
28,1.0,1.0,1.0,119,0,0,7381,0.0,0.0,0.0,92190.09,92190.09
29,1.0,1.0,1.0,119,0,0,7381,0.0,0.0,0.0,92190.09,92190.09
30,1.0,1.0,1.0,119,0,0,7381,0.0,0.0,0.0,92190.09,92190.09
31,1.0,1.0,1.0,119,0,0,7381,0.0,0.0,0.0,92190.09,92190.09
32,1.0,1.0,1.0,119,0,0,7381,0.0,0.0,0.0,92190.09,92190.09
33,1.0,1.0,1.0,119,0,0,7381,0.0,0.0,0.0,92190.09,92190.09
34,1.0,1.0,1.0,119,0,0,7381,0.0,0.0,0.0,92190.09,92190.09
35,1.0,1.0,1.0,119,0,0,7381,0.0,0.0,0.0,92190.09,92190.09
36,1.0,1.0,1.0,119,0,0,7381,0.0,0.0,0.0,92190.09,92190.09
37,1.0,1.0,1.0,119,0,0,7381,0.0,0.0,0.0,92190.09,92190.09
38,1.0,1.0,1.0,119,0,0,7381,0.0,0.0,0.0,92190.09,92190.09
39,1.0,1.0,1.0,119,0,0,7381,0.0,0.0,0.0,92190.09,92190.09
40,1.0,1.0,1.0,119,0,0,7381,0.0,0.0,0.0,92190.09,92190.09
41,1.0,1.0,1.0,119,0,0,7381,0.0,0.0,0.0,92190.09,92190.09
42,1.0,1.0,1.0,119,0,0,7381,0.0,0.0,0.0,92190.09,92190.09
43,1.0,1.0,1.0,119,0,0,7381,0.0,0.0,0.0,92190.09,92190.09
44,1.0,0.9832,0.9915,117,0,2,7381,859.4,0.0,859.4,91340.69,91340.69
45,1.0,0.8908,0.9422,106,0,13,7381,9006.56,0.0,9006.56,83248.53,83248.53
46,1.0,0.8571,0.9231,102,0,17,7381,13553.1,0.0,13553.1,78721.99,78721.99
47,1.0,0.8571,0.9231,102,0,17,7381,13553.1,0.0,13553.1,78721.99,78721.99
48,1.0,0.8571,0.9231,102,0,17,7381,13553.1,0.0,13553.1,78721.99,78721.99
49,1.0,0.8487,0.9182,101,0,18,7381,13979.14,0.0,13979.14,78300.95,78300.95
50,1.0,0.8487,0.9182,101,0,18,7381,13979.14,0.0,13979.14,78300.95,78300.95
51,1.0,0.8487,0.9182,101,0,18,7381,13979.14,0.0,13979.14,78300.95,78300.95
52,1.0,0.8487,0.9182,101,0,18,7381,13979.14,0.0,13979.14,78300.95,78300.95
53,1.0,0.8487,0.9182,101,0,18,7381,13979.14,0.0,13979.14,78300.95,78300.95
54,1.0,0.8487,0.9182,101,0,18,7381,13979.14,0.0,13979.14,78300.95,78300.95
55,1.0,0.8487,0.9182,101,0,18,7381,13979.14,0.0,13979.14,78300.95,78300.95
56,1.0,0.8487,0.9182,101,0,18,7381,13979.14,0.0,13979.14,78300.95,78300.95
57,1.0,0.8403,0.9132,100,0,19,7381,14295.5,0.0,14295.5,77989.59,77989.59
58,1.0,0.8067,0.893,96,0,23,7381,15991.58,0.0,15991.58,76313.51,76313.51
59,1.0,0.7143,0.8333,85,0,34,7381,24332.04,0.0,24332.04,68028.05,68028.05
60,1.0,0.6639,0.798,79,0,40,7381,32252.3,0.0,32252.3,60137.79,60137.79
61,1.0,0.6471,0.7857,77,0,42,7381,33000.13,0.0,33000.13,59399.96,59399.96
62,1.0,0.4034,0.5749,48,0,71,7381,53672.17,0.0,53672.17,38872.92,38872.92
63,1.0,0.4034,0.5749,48,0,71,7381,53672.17,0.0,53672.17,38872.92,38872.92
64,1.0,0.4034,0.5749,48,0,71,7381,53672.17,0.0,53672.17,38872.92,38872.92
65,1.0,0.4034,0.5749,48,0,71,7381,53672.17,0.0,53672.17,38872.92,38872.92
66,1.0,0.4034,0.5749,48,0,71,7381,53672.17,0.0,53672.17,38872.92,38872.92
67,1.0,0.4034,0.5749,48,0,71,7381,53672.17,0.0,53672.17,38872.92,38872.92
68,1.0,0.4034,0.5749,48,0,71,7381,53672.17,0.0,53672.17,38872.92,38872.92
69,1.0,0.4034,0.5749,48,0,71,7381,53672.17,0.0,53672.17,38872.92,38872.92
70,1.0,0.4034,0.5749,48,0,71,7381,53672.17,0.0,53672.17,38872.92,38872.92
71,1.0,0.4034,0.5749,48,0,71,7381,53672.17,0.0,53672.17,38872.92,38872.92
72,1.0,0.4034,0.5749,48,0,71,7381,53672.17,0.0,53672.17,38872.92,38872.92
73,1.0,0.4034,0.5749,48,0,71,7381,53672.17,0.0,53672.17,38872.92,38872.92
74,1.0,0.4034,0.5749,48,0,71,7381,53672.17,0.0,53672.17,38872.92,38872.92
75,1.0,0.3782,0.5488,45,0,74,7381,54792.79,0.0,54792.79,37767.3,37767.3
76,1.0,0.0084,0.0167,1,0,118,7381,91115.94,0.0,91115.94,1664.15,1664.15
77,1.0,0.0084,0.0167,1,0,118,7381,91115.94,0.0,91115.94,1664.15,1664.15
78,1.0,0.0084,0.0167,1,0,118,7381,91115.94,0.0,91115.94,1664.15,1664.15
79,0.0,0.0,0.0,0,0,119,7381,92785.09,0.0,92785.09,0.0,0.0
80,0.0,0.0,0.0,0,0,119,7381,92785.09,0.0,92785.09,0.0,0.0
81,0.0,0.0,0.0,0,0,119,7381,92785.09,0.0,92785.09,0.0,0.0
82,0.0,0.0,0.0,0,0,119,7381,92785.09,0.0,92785.09,0.0,0.0
83,0.0,0.0,0.0,0,0,119,7381,92785.09,0.0,92785.09,0.0,0.0
84,0.0,0.0,0.0,0,0,119,7381,92785.09,0.0,92785.09,0.0,0.0
85,0.0,0.0,0.0,0,0,119,7381,92785.09,0.0,92785.09,0.0,0.0
86,0.0,0.0,0.0,0,0,119,7381,92785.09,0.0,92785.09,0.0,0.0
87,0.0,0.0,0.0,0,0,119,7381,92785.09,0.0,92785.09,0.0,0.0
88,0.0,0.0,0.0,0,0,119,7381,92785.09,0.0,92785.09,0.0,0.0
89,0.0,0.0,0.0,0,0,119,7381,92785.09,0.0,92785.09,0.0,0.0
90,0.0,0.0,0.0,0,0,119,7381,92785.09,0.0,92785.09,0.0,0.0
91,0.0,0.0,0.0,0,0,119,7381,92785.09,0.0,92785.09,0.0,0.0
92,0.0,0.0,0.0,0,0,119,7381,92785.09,0.0,92785.09,0.0,0.0
93,0.0,0.0,0.0,0,0,119,7381,92785.09,0.0,92785.09,0.0,0.0
94,0.0,0.0,0.0,0,0,119,7381,92785.09,0.0,92785.09,0.0,0.0
95,0.0,0.0,0.0,0,0,119,7381,92785.09,0.0,92785.09,0.0,0.0
96,0.0,0.0,0.0,0,0,119,7381,92785.09,0.0,92785.09,0.0,0.0
97,0.0,0.0,0.0,0,0,119,7381,92785.09,0.0,92785.09,0.0,0.0
98,0.0,0.0,0.0,0,0,119,7381,92785.09,0.0,92785.09,0.0,0.0
99,0.0,0.0,0.0,0,0,119,7381,92785.09,0.0,92785.09,0.0,0.0
